JHU,GCP
Afghanistan_,Afghanistan_
Albania_,Albania_
Algeria_,Algeria_
Andorra_,Andorra_
Angola_,Angola_
Antigua and Barbuda_,Antigua and Barbuda_
Argentina_,Argentina_
Armenia_,Armenia_
Australia_Australian Capital Territory,Australia_Australian Capital Territory
Australia_New South Wales,Australia_New South Wales
Australia_Northern Territory,Australia_Northern Territory
Australia_Queensland,Australia_Queensland
Australia_South Australia,Australia_South Australia
Australia_Tasmania,Australia_Tasmania
Australia_Victoria,Australia_Victoria
Australia_Western Australia,Australia_Western Australia
Austria_,Austria_
Azerbaijan_,Azerbaijan_
Bahamas_,Bahamas_
Bahrain_,Bahrain_
Bangladesh_,Bangladesh_
Barbados_,Barbados_
Belarus_,Belarus_
Belgium_Antwerp,Belgium_Antwerp
Belgium_Brussels,Belgium_Brussels
Belgium_East Flanders,Belgium_East Flanders
Belgium_Flemish Brabant,Belgium_Flemish Brabant
Belgium_Hainaut,Belgium_Hainaut
Belgium_Liege,Belgium_Liège
Belgium_Limburg,Belgium_Limburg
Belgium_Luxembourg,Belgium_Luxembourg
Belgium_Namur,Belgium_Namur
Belgium_Unknown,
Belgium_Walloon Brabant,Belgium_Walloon Brabant
Belgium_West Flanders,Belgium_West Flanders
Belize_,Belize_
Benin_,Benin_
Bhutan_,Bhutan_
Bolivia_,Bolivia_
Bosnia and Herzegovina_,Bosnia and Herzegovina_
Botswana_,Botswana_
Brazil_Acre,Brazil_Acre
Brazil_Alagoas,Brazil_Alagoas
Brazil_Amapa,Brazil_Amapá
Brazil_Amazonas,Brazil_Amazonas
Brazil_Bahia,Brazil_Bahia
Brazil_Ceara,Brazil_Ceará
Brazil_Distrito Federal,Brazil_Distrito Federal
Brazil_Espirito Santo,Brazil_Espirito Santo
Brazil_Goias,Brazil_Goiás
Brazil_Maranhao,Brazil_Maranhão
Brazil_Mato Grosso,Brazil_Mato Grosso
Brazil_Mato Grosso do Sul,Brazil_Mato Grosso do Sul
Brazil_Minas Gerais,Brazil_Minas Gerais
Brazil_Para,Brazil_Pará
Brazil_Paraiba,Brazil_Paraíba
Brazil_Parana,Brazil_Paraná
Brazil_Pernambuco,Brazil_Pernambuco
Brazil_Piaui,Brazil_Piauí
Brazil_Rio Grande do Norte,Brazil_Rio Grande do Norte
Brazil_Rio Grande do Sul,Brazil_Rio Grande do Sul
Brazil_Rio de Janeiro,Brazil_Rio de Janeiro
Brazil_Rondonia,Brazil_Rondônia
Brazil_Roraima,Brazil_Roraima
Brazil_Santa Catarina,Brazil_Santa Catarina
Brazil_Sao Paulo,Brazil_São Paulo
Brazil_Sergipe,Brazil_Sergipe
Brazil_Tocantins,Brazil_Tocantins
Brunei_,Brunei_
Bulgaria_,Bulgaria_
Burkina Faso_,Burkina Faso_
Burma_,
Burundi_,Burundi_
Cabo Verde_,
Cambodia_,Cambodia_
Cameroon_,Cameroon_
Canada_Alberta,Canada_Alberta
Canada_British Columbia,Canada_British Columbia
Canada_Diamond Princess,
Canada_Grand Princess,
Canada_Manitoba,Canada_Manitoba
Canada_New Brunswick,Canada_New Brunswick
Canada_Newfoundland and Labrador,Canada_Newfoundland and Labrador
Canada_Northwest Territories,Canada_Northwest Territories
Canada_Nova Scotia,Canada_Nova Scotia
Canada_Nunavut,Canada_Nunavut
Canada_Ontario,Canada_Ontario
Canada_Prince Edward Island,Canada_Prince Edward Island
Canada_Quebec,Canada_Quebec
Canada_Repatriated Travellers,
Canada_Saskatchewan,Canada_Saskatchewan
Canada_Yukon,Canada_Yukon
Central African Republic_,Central African Republic_
Chad_,Chad_
Chile_Antofagasta,Chile_Antofagasta
Chile_Araucania,Chile_Araucanía
Chile_Arica y Parinacota,Chile_Arica y Parinacota
Chile_Atacama,Chile_Atacama
Chile_Aysen,Chile_Aysén
Chile_Biobio,Chile_Biobío
Chile_Coquimbo,Chile_Coquimbo
Chile_Los Lagos,Chile_Los Lagos
Chile_Los Rios,Chile_Los Ríos
Chile_Magallanes,Chile_Magallanes
Chile_Maule,Chile_Maule
Chile_Metropolitana,Chile_Santiago Metropolitan Region
Chile_Nuble,Chile_Ñuble
Chile_OHiggins,Chile_O'Higgins
Chile_Tarapaca,Chile_Tarapacá
Chile_Unknown,
Chile_Valparaiso,Chile_Valparaíso
China_Anhui,China_Anhui
China_Beijing,China_Beijing
China_Chongqing,China_Chongqing
China_Fujian,China_Fujian
China_Gansu,China_Gansu
China_Guangdong,China_Guangdong
China_Guangxi,China_Guangxi
China_Guizhou,China_Guizhou
China_Hainan,China_Hainan
China_Hebei,China_Hebei
China_Heilongjiang,China_Heilongjiang
China_Henan,China_Henan
China_Hong Kong,
China_Hubei,China_Hubei
China_Hunan,China_Hunan
China_Inner Mongolia,China_Inner Mongolia
China_Jiangsu,China_Jiangsu
China_Jiangxi,China_Jiangxi
China_Jilin,China_Jilin
China_Liaoning,China_Liaoning
China_Macau,
China_Ningxia,China_Ningxia
China_Qinghai,China_Qinghai
China_Shaanxi,China_Shaanxi
China_Shandong,China_Shandong
China_Shanghai,China_Shanghai
China_Shanxi,China_Shanxi
China_Sichuan,China_Sichuan
China_Tianjin,China_Tianjin
China_Tibet,China_Tibet
China_Xinjiang,China_Xinjiang
China_Yunnan,China_Yunnan
China_Zhejiang,China_Zhejiang
Colombia_Amazonas,Colombia_Amazonas
Colombia_Antioquia,Colombia_Antioquia
Colombia_Arauca,Colombia_Arauca
Colombia_Atlantico,Colombia_Atlántico
Colombia_Bolivar,Colombia_Bolívar
Colombia_Boyaca,Colombia_Boyacá
Colombia_Caldas,Colombia_Caldas
Colombia_Capital District,Colombia_Bogotá D.C.
Colombia_Caqueta,Colombia_Caquetá
Colombia_Casanare,Colombia_Casanare
Colombia_Cauca,Colombia_Cauca
Colombia_Cesar,Colombia_Cauca
Colombia_Choco,Colombia_Cesar
Colombia_Cordoba,Colombia_Córdoba
Colombia_Cundinamarca,Colombia_Cundinamarca
Colombia_Guainia,Colombia_Guainía
Colombia_Guaviare,Colombia_Guaviare
Colombia_Huila,Colombia_Huila
Colombia_La Guajira,Colombia_La Guajira
Colombia_Magdalena,Colombia_Magdalena
Colombia_Meta,Colombia_Meta
Colombia_Narino,Colombia_Nariño
Colombia_Norte de Santander,Colombia_Norte de Santander
Colombia_Putumayo,Colombia_Putumayo
Colombia_Quindio,Colombia_Quindío
Colombia_Risaralda,Colombia_Risaralda
Colombia_San Andres y Providencia,Colombia_San Andrés and Providencia
Colombia_Santander,Colombia_Santander
Colombia_Sucre,Colombia_Sucre
Colombia_Tolima,Colombia_Tolima
Colombia_Unknown,
Colombia_Valle del Cauca,Colombia_Valle Del Cauca
Colombia_Vaupes,Colombia_Vaupés
Colombia_Vichada,Colombia_Vichada
Comoros_,Comoros
Congo (Brazzaville)_,Democratic Republic of the Congo_
Congo (Kinshasa)_,Democratic Republic of the Congo_
Costa Rica_,Costa Rica
Cote d'Ivoire_,
Croatia_,Croatia_
Cuba_,Cuba_
Cyprus_,Cyprus_
Czechia_,Czech Republic_
Denmark_Faroe Islands,Denmark_
Denmark_Greenland,Denmark_
Denmark_,Denmark_
Diamond Princess_,
Djibouti_,Djibouti_
Dominica_,Dominica_
Dominican Republic_,Dominican Republic_
Ecuador_,Ecuador_
Egypt_,Egypt
El Salvador_,El Salvador_
Equatorial Guinea_,Equatorial Guinea_
Eritrea_,Eritrea_
Estonia_,Estonia_
Eswatini_,
Ethiopia_,Ethiopia_
Fiji_,
Finland_,Finland_
France_French Guiana,French Guiana_
France_French Polynesia,French Polynesia_
France_Guadeloupe,France_Guadeloupe
France_Martinique,France_Martinique
France_Mayotte,France_Mayotte
France_New Caledonia,
France_Reunion,France_La Réunion
France_Saint Barthelemy,France_Saint Barthélemy
France_Saint Pierre and Miquelon,France_Saint Pierre and Miquelon
France_St Martin,France_Saint Martin
France_,France_
Gabon_,Gabon_
Gambia_,Gambia_
Georgia_,Georgia_
Germany_Baden-Wurttemberg,Germany_Brandenburg
Germany_Bayern,Germany_Bavaria
Germany_Berlin,Germany_Berlin
Germany_Brandenburg,Germany_Baden-Württemberg
Germany_Bremen,Germany_Bremen
Germany_Hamburg,Germany_Hamburg
Germany_Hessen,Germany_Hesse
Germany_Mecklenburg-Vorpommern,Germany_Mecklenburg-Vorpommern
Germany_Niedersachsen,Germany_Lower Saxony
Germany_Nordrhein-Westfalen,Germany_North Rhine-Westphalia
Germany_Rheinland-Pfalz,Germany_Rhineland-Palatinate
Germany_Saarland,Germany_Saarland
Germany_Sachsen,Germany_Saxony
Germany_Sachsen-Anhalt,Germany_Saxony-Anhalt
Germany_Schleswig-Holstein,Germany_Schleswig-Holstein
Germany_Thuringen,Germany_Thuringia
Germany_Unknown,
Ghana_,Ghana_
Greece_,Greece_
Grenada_,Grenada_
Guatemala_,Guatemala_
Guinea_,Guinea_
Guinea-Bissau_,Guinea-Bissau_
Guyana_,Guyana_
Haiti_,Haiti_
Holy See_,
Honduras_,Honduras_
Hungary_,Hungary_
Iceland_,Iceland_
India_Andaman and Nicobar Islands,India_Andaman and Nicobar Islands
India_Andhra Pradesh,India_Andhra Pradesh
India_Arunachal Pradesh,India_Arunachal Pradesh
India_Assam,India_Assam
India_Bihar,India_Bihar
India_Chandigarh,India_Chandigarh
India_Chhattisgarh,India_Chhattisgarh
India_Dadra and Nagar Haveli and Daman and Diu,India_Dadra and Nagar Haveli and Daman and Diu
India_Delhi,India_Delhi
India_Goa,India_Goa
India_Gujarat,India_Gujarat
India_Haryana,India_Haryana
India_Himachal Pradesh,India_Himachal Pradesh
India_Jammu and Kashmir,India_Jammu and Kashmir
India_Jharkhand,India_Jharkhand
India_Karnataka,India_Karnataka
India_Kerala,India_Kerala
India_Ladakh,India_Ladakh
India_Lakshadweep,India_Lakshadweep
India_Madhya Pradesh,India_Madhya Pradesh
India_Maharashtra,India_Maharashtra
India_Manipur,India_Manipur
India_Meghalaya,India_Meghalaya
India_Mizoram,India_Mizoram
India_Nagaland,India_Nagaland
India_Odisha,India_Odisha
India_Puducherry,India_Puducherry
India_Punjab,India_Punjab
India_Rajasthan,India_Rajasthan
India_Sikkim,India_Sikkim
India_Tamil Nadu,India_Tamil Nadu
India_Telangana,India_Telangana
India_Tripura,India_Tripura
India_Unknown,
India_Uttar Pradesh,India_Uttar Pradesh
India_Uttarakhand,India_Uttarakhand
India_West Bengal,India_West Bengal
Indonesia_,Indonesia_
Iran_,Iran_
Iraq_,
Ireland_,Iraq_
Israel_,Israel_
Italy_Abruzzo,Italy_Abruzzo
Italy_Basilicata,Italy_Basilicata
Italy_Calabria,Italy_Calabria
Italy_Campania,Italy_Campania
Italy_Emilia-Romagna,Italy_Emilia-Romagna
Italy_Friuli Venezia Giulia,Italy_Friuli Venezia Giulia
Italy_Lazio,Italy_Lazio
Italy_Liguria,Italy_Liguria
Italy_Lombardia,Italy_Lombardy
Italy_Marche,Italy_Marche
Italy_Molise,Italy_Molise
Italy_P.A. Bolzano,
Italy_P.A. Trento,
Italy_Piemonte,Italy_Piemont
Italy_Puglia,
Italy_Sardegna,Italy_Sardinia
Italy_Sicilia,Italy_Sicily
Italy_Toscana,Italy_Tuscany
Italy_Umbria,Italy_Umbria
Italy_Valle d'Aosta,Italy_Aosta Valley
Italy_Veneto,Italy_Veneto
Jamaica_,Jamaica_
Japan_Aichi,Japan_Aichi
Japan_Akita,Japan_Akita
Japan_Aomori,Japan_Aomori
Japan_Chiba,Japan_Chiba
Japan_Ehime,Japan_Ehime
Japan_Fukui,Japan_Fukui
Japan_Fukuoka,Japan_Fukuoka
Japan_Fukushima,Japan_Fukushima
Japan_Gifu,Japan_Gifu
Japan_Gunma,Japan_Gunma
Japan_Hiroshima,Japan_Hiroshima
Japan_Hokkaido,Japan_Hokkaido
Japan_Hyogo,Japan_Hyōgo
Japan_Ibaraki,Japan_Ibaraki
Japan_Ishikawa,Japan_Ishikawa
Japan_Iwate,Japan_Iwate
Japan_Kagawa,Japan_Kagawa
Japan_Kagoshima,Japan_Kagoshima
Japan_Kanagawa,Japan_Kanagawa
Japan_Kochi,Japan_Kōchi
Japan_Kumamoto,Japan_Kumamoto
Japan_Kyoto,Japan_Kyoto
Japan_Mie,Japan_Mie
Japan_Miyagi,Japan_Miyagi
Japan_Miyazaki,Japan_Miyazaki
Japan_Nagano,Japan_Nagano
Japan_Nagasaki,Japan_Nagasaki
Japan_Nara,Japan_Nara
Japan_Niigata,Japan_Niigata
Japan_Oita,Japan_Ōita
Japan_Okayama,Japan_Okayama
Japan_Okinawa,Japan_Okinawa
Japan_Osaka,Japan_Osaka
Japan_Port Quarantine,
Japan_Saga,Japan_Saga
Japan_Saitama,Japan_Saitama
Japan_Shiga,Japan_Shiga
Japan_Shimane,Japan_Shimane
Japan_Shizuoka,Japan_Shizuoka
Japan_Tochigi,Japan_Tochigi
Japan_Tokushima,Japan_Tokushima
Japan_Tokyo,Japan_Tokyo
Japan_Tottori,Japan_Tottori
Japan_Toyama,
Japan_Unknown,
Japan_Wakayama,Japan_Wakayama
Japan_Yamagata,Japan_Yamagata
Japan_Yamaguchi,Japan_Yamaguchi
Japan_Yamanashi,Japan_Yamanashi
Jordan_,Jordan_
Kazakhstan_,Kazakhstan_
Kenya_,Kenya_
"Korea, South_",South Korea_
Kosovo_,Kosovo_
Kuwait_,Kuwait_
Kyrgyzstan_,Kyrgyzstan_
Laos_,Laos_
Latvia_,Latvia_
Lebanon_,Lebanon_
Lesotho_,Lesotho_
Liberia_,Liberia_
Libya_,Libya_
Liechtenstein_,Liechtenstein_
Lithuania_,Lithuania_
Luxembourg_,Luxembourg_
MS Zaandam_,
Madagascar_,Madagascar_
Malawi_,Malawi_
Malaysia_,Malaysia_
Maldives_,Maldives_
Mali_,Mali_
Malta_,Malta_
Marshall Islands_,Marshall Islands_
Mauritania_,Mauritania_
Mauritius_,Mauritius_
Mexico_Aguascalientes,Mexico_Aguascalientes
Mexico_Baja California,Mexico_Baja California
Mexico_Baja California Sur,Mexico_Baja California Sur
Mexico_Campeche,Mexico_Campeche
Mexico_Chiapas,Mexico_Chiapas
Mexico_Chihuahua,Mexico_Chihuahua
Mexico_Ciudad de Mexico,Mexico_Mexico City
Mexico_Coahuila,Mexico_Coahuila
Mexico_Colima,Mexico_Colima
Mexico_Durango,Mexico_Durango
Mexico_Guanajuato,Mexico_Guerrero
Mexico_Guerrero,Mexico_Guanajuato
Mexico_Hidalgo,Mexico_Hidalgo
Mexico_Jalisco,Mexico_Jalisco
Mexico_Mexico,Mexico_State of Mexico
Mexico_Michoacan,Mexico_Michoacán
Mexico_Morelos,Mexico_Morelos
Mexico_Nayarit,Mexico_Nayarit
Mexico_Nuevo Leon,Mexico_Nuevo León
Mexico_Oaxaca,Mexico_Oaxaca
Mexico_Puebla,Mexico_Puebla
Mexico_Queretaro,Mexico_Querétaro
Mexico_Quintana Roo,Mexico_Quintana Roo
Mexico_San Luis Potosi,Mexico_San Luis Potosí
Mexico_Sinaloa,Mexico_Sinaloa
Mexico_Sonora,Mexico_Sonora
Mexico_Tabasco,Mexico_Tabasco
Mexico_Tamaulipas,Mexico_Tamaulipas
Mexico_Tlaxcala,Mexico_Tlaxcala
Mexico_Unknown,
Mexico_Veracruz,Mexico_Veracruz
Mexico_Yucatan,Mexico_Yucatán
Mexico_Zacatecas,Mexico_Zacatecas
Moldova_,Moldova_
Monaco_,Monaco_
Mongolia_,Mongolia_
Montenegro_,Montenegro_
Morocco_,Morocco_
Mozambique_,Mozambique_
Namibia_,Namibia_
Nepal_,Nepal_
Netherlands_Aruba,Netherlands Antilles_
"Netherlands_Bonaire, Sint Eustatius and Saba",Netherlands Antilles_
Netherlands_Curacao,Netherlands Antilles_
Netherlands_Drenthe,Netherlands_Drenthe
Netherlands_Flevoland,Netherlands_Flevoland
Netherlands_Friesland,Netherlands_Friesland
Netherlands_Gelderland,Netherlands_Gelderland
Netherlands_Groningen,Netherlands_Groningen
Netherlands_Limburg,Netherlands_Limburg
Netherlands_Noord-Brabant,Netherlands_North Brabant
Netherlands_Noord-Holland,Netherlands_North Holland
Netherlands_Overijssel,Netherlands_Overijssel
Netherlands_Sint Maarten,Netherlands Antilles_
Netherlands_Unknown,
Netherlands_Utrecht,Netherlands_Utrecht
Netherlands_Zeeland,Netherlands_Zeeland
Netherlands_Zuid-Holland,Netherlands_South Holland
New Zealand_,New Zealand_
Nicaragua_,Nicaragua_
Niger_,Niger_
Nigeria_,Nigeria_
North Macedonia_,
Norway_,Norway
Oman_,Oman_
Pakistan_Azad Jammu and Kashmir,Pakistan_Azad Kashmir
Pakistan_Balochistan,Pakistan_Balochistan
Pakistan_Gilgit-Baltistan,Pakistan_Gilgit-Baltistan
Pakistan_Islamabad,Pakistan_Islamabad
Pakistan_Khyber Pakhtunkhwa,Pakistan_Khyber Pakhtunkhwa
Pakistan_Punjab,Pakistan_Punjab
Pakistan_Sindh,Pakistan_Sindh
Panama_,Panama_
Papua New Guinea_,Papua New Guinea_
Paraguay_,Paraguay_
Peru_Amazonas,Peru_Amazonas
Peru_Ancash,Peru_Áncash
Peru_Apurimac,Peru_Apurímac
Peru_Arequipa,Peru_Arequipa
Peru_Ayacucho,Peru_Ayacucho
Peru_Cajamarca,Peru_Cajamarca
Peru_Callao,Peru_Callao
Peru_Cusco,Peru_Cusco
Peru_Huancavelica,Peru_Huánuco
Peru_Huanuco,Peru_Huancavelica
Peru_Ica,Peru_Ica
Peru_Junin,Peru_Junín
Peru_La Libertad,Peru_La Libertad
Peru_Lambayeque,Peru_Lambayeque
Peru_Lima,Peru_Lima Region
Peru_Loreto,Peru_Loreto
Peru_Madre de Dios,Peru_Madre de Dios
Peru_Moquegua,Peru_Moquegua
Peru_Pasco,Peru_Pasco
Peru_Piura,Peru_Piura
Peru_Puno,Peru_Puno
Peru_San Martin,Peru_San Martín
Peru_Tacna,Peru_Tacna
Peru_Tumbes,Peru_Tumbes
Peru_Ucayali,Peru_Ucayali
Peru_Unknown,
Philippines_,Philippines_
Poland_,Poland_
Portugal_,Portugal_
Qatar_,Qatar_
Romania_,Romania_
Russia_Adygea Republic,Russia_Adygea
Russia_Altai Krai,Russia_Altai Republic
Russia_Altai Republic,Russia_Altai Krai
Russia_Amur Oblast,Russia_Amur Oblast
Russia_Arkhangelsk Oblast,Russia_Arkhangelsk Oblast
Russia_Astrakhan Oblast,Russia_Astrakhan Oblast
Russia_Bashkortostan Republic,Russia_Bashkortostan
Russia_Belgorod Oblast,Russia_Belgorod Oblast
Russia_Bryansk Oblast,Russia_Bryansk Oblast
Russia_Buryatia Republic,Russia_Buryatia
Russia_Chechen Republic,Russia_Chechnya
Russia_Chelyabinsk Oblast,Russia_Chelyabinsk Oblast
Russia_Chukotka Autonomous Okrug,Russia_Chukotka Avtonomnyy Okrug
Russia_Chuvashia Republic,Russia_Chuvashia
Russia_Dagestan Republic,Russia_Dagestan
Russia_Ingushetia Republic,Russia_Ingushetia
Russia_Irkutsk Oblast,Russia_Irkutsk Oblast
Russia_Ivanovo Oblast,Russia_Ivanovo Oblast
Russia_Jewish Autonomous Okrug,Russia_Jewish Avtonomnyy Okrug
Russia_Kabardino-Balkarian Republic,Russia_Kabardino-Balkaria
Russia_Kaliningrad Oblast,Russia_Kaliningrad Oblast
Russia_Kalmykia Republic,Russia_Kalmykia
Russia_Kaluga Oblast,Russia_Kaluga Oblast
Russia_Kamchatka Krai,Russia_Kamchatka Krai
Russia_Karachay-Cherkess Republic,Russia_Karachay-Cherkessia
Russia_Karelia Republic,Russia_Republic of Karelia
Russia_Kemerovo Oblast,Russia_Kemerovo Oblast
Russia_Khabarovsk Krai,Russia_Khabarovsk Krai
Russia_Khakassia Republic,Russia_Khakassia
Russia_Khanty-Mansi Autonomous Okrug,Russia_Khanty-Mansi Avtonomnyy Okrug
Russia_Kirov Oblast,Russia_Kirov Oblast
Russia_Komi Republic,Russia_Komi Republic
Russia_Kostroma Oblast,Russia_Kostroma Oblast
Russia_Krasnodar Krai,Russia_Krasnodar Krai
Russia_Krasnoyarsk Krai,Russia_Krasnoyarsk Krai
Russia_Kurgan Oblast,Russia_Kurgan Oblast
Russia_Kursk Oblast,Russia_Kursk Oblast
Russia_Leningrad Oblast,Russia_Leningrad Oblast
Russia_Lipetsk Oblast,Russia_Lipetsk Oblast
Russia_Magadan Oblast,Russia_Magadan Oblast
Russia_Mari El Republic,Russia_Mari El
Russia_Mordovia Republic,Russia_Mordovia
Russia_Moscow,Russia_Moscow
Russia_Moscow Oblast,Russia_Moscow Oblast
Russia_Murmansk Oblast,Russia_Murmansk Oblast
Russia_Nenets Autonomous Okrug,Russia_Nenets Avtonomnyy Okrug
Russia_Nizhny Novgorod Oblast,Russia_Nizhny Novgorod Oblast
Russia_North Ossetia - Alania Republic,Russia_North Ossetia-Alania
Russia_Novgorod Oblast,Russia_Novgorod Oblast
Russia_Novosibirsk Oblast,Russia_Novosibirsk Oblast
Russia_Omsk Oblast,Russia_Omsk Oblast
Russia_Orel Oblast,Russia_Oryol Oblast
Russia_Orenburg Oblast,Russia_Orenburg Oblast
Russia_Penza Oblast,Russia_Penza Oblast
Russia_Perm Krai,Russia_Perm Krai
Russia_Primorsky Krai,Russia_Primorsky Krai
Russia_Pskov Oblast,Russia_Pskov Oblast
Russia_Rostov Oblast,Russia_Rostov Oblast
Russia_Ryazan Oblast,Russia_Ryazan Oblast
Russia_Saint Petersburg,Russia_Saint Petersburg
Russia_Sakha (Yakutiya) Republic,Russia_Yakutia
Russia_Sakhalin Oblast,Russia_Sakhalin Oblast
Russia_Samara Oblast,Russia_Samara Oblast
Russia_Saratov Oblast,Russia_Saratov Oblast
Russia_Smolensk Oblast,Russia_Smolensk Oblast
Russia_Stavropol Krai,Russia_Stavropol Krai
Russia_Sverdlovsk Oblast,Russia_Sverdlovsk Oblast
Russia_Tambov Oblast,Russia_Tambov Oblast
Russia_Tatarstan Republic,Russia_Tatarstan
Russia_Tomsk Oblast,Russia_Tomsk Oblast
Russia_Tula Oblast,Russia_Tula Oblast
Russia_Tver Oblast,Russia_Tver Oblast
Russia_Tyumen Oblast,Russia_Tyumen Oblast
Russia_Tyva Republic,Russia_Tuva
Russia_Udmurt Republic,Russia_Udmurtia
Russia_Ulyanovsk Oblast,Russia_Ulyanovsk Oblast
Russia_Vladimir Oblast,Russia_Vladimir Oblast
Russia_Volgograd Oblast,Russia_Volgograd Oblast
Russia_Vologda Oblast,Russia_Vologda Oblast
Russia_Voronezh Oblast,Russia_Voronezh Oblast
Russia_Yamalo-Nenets Autonomous Okrug,Russia_Yamalo-Nenets Avtonomnyy Okrug
Russia_Yaroslavl Oblast,Russia_Yaroslavl Oblast
Russia_Zabaykalsky Krai,Russia_Zabaykalsky Krai
Rwanda_,
Saint Kitts and Nevis_,Saint Kitts and Nevis_
Saint Lucia_,Saint Lucia_
Saint Vincent and the Grenadines_,Saint Vincent and the Grenadines_
San Marino_,San Marino_
Sao Tome and Principe_,
Saudi Arabia_,Saudi Arabia_
Senegal_,Senegal_
Serbia_,Serbia_
Seychelles_,Seychelles_
Sierra Leone_,Sierra Leone_
Singapore_,Singapore_
Slovakia_,Slovakia_
Slovenia_,Slovenia_
Solomon Islands_,Solomon Islands_
Somalia_,Somalia_
South Africa_,South Africa_
South Sudan_,South Sudan_
Spain_Andalusia,Spain_Andalucía
Spain_Aragon,Spain_Aragón
Spain_Asturias,Spain_Asturias
Spain_Baleares,Spain_Islas Baleares
Spain_C. Valenciana,Spain_Comunidad Valenciana
Spain_Canarias,Spain_Islas Canarias
Spain_Cantabria,Spain_Cantabria
Spain_Castilla - La Mancha,Spain_Castilla-La Mancha
Spain_Castilla y Leon,Spain_Castilla y León
Spain_Catalonia,Spain_Cataluña
Spain_Ceuta,Spain_Ceuta
Spain_Extremadura,Spain_Extremadura
Spain_Galicia,Spain_Galicia
Spain_La Rioja,Spain_La Rioja
Spain_Madrid,Spain_Comunidad de Madrid
Spain_Melilla,Spain_Melilla
Spain_Murcia,Spain_Region de Murcia
Spain_Navarra,Spain_Navarra
Spain_Pais Vasco,Spain_País Vasco
Spain_Unknown,
Sri Lanka_,Sri Lanka_
Sudan_,Sudan_
Suriname_,Suriname_
Sweden_Blekinge,Sweden_Blekinge
Sweden_Dalarna,Sweden_Dalarna
Sweden_Gavleborg,Sweden_Gävleborg
Sweden_Gotland,Sweden_Gotland
Sweden_Halland,Sweden_Halland
Sweden_Jamtland Harjedalen,Sweden_Jämtland Härjedalen
Sweden_Jonkoping,Sweden_Jönköping
Sweden_Kalmar,Sweden_Kalmar
Sweden_Kronoberg,Sweden_Kronoberg
Sweden_Norrbotten,Sweden_Norrbotten
Sweden_Orebro,Sweden_Örebro
Sweden_Ostergotland,Sweden_Östergötland
Sweden_Skane,Sweden_Skåne
Sweden_Sormland,Sweden_Södermanland
Sweden_Stockholm,Sweden_Stockholm
Sweden_Uppsala,Sweden_Uppsala
Sweden_Varmland,Sweden_Värmland
Sweden_Vasterbotten,Sweden_Västerbotten
Sweden_Vasternorrland,Sweden_Västernorrland
Sweden_Vastmanland,Sweden_Västmanland
Sweden_Vastra Gotaland,Sweden_Västra Götaland
Switzerland_,Switzerland_
Syria_,Syria_
Taiwan*_,Taiwan*_
Tajikistan_,Tajikistan_
Tanzania_,Tanzania_
Thailand_,Thailand_
Timor-Leste_,
Togo_,Togo_
Trinidad and Tobago_,Trinidad and Tobago_
Tunisia_,Tunisia_
Turkey_,Turkey_
US_Alabama,United States of America_Alabama
US_Alaska,United States of America_Alaska
US_Arizona,United States of America_Arizona
US_Arkansas,United States of America_Arkansas
US_California,United States of America_California
US_Colorado,United States of America_Colorado
US_Connecticut,United States of America_Connecticut
US_Delaware,United States of America_Delaware
US_Diamond Princess,
US_District of Columbia,United States of America_District of Columbia
US_Florida,United States of America_Florida
US_Georgia,United States of America_Georgia
US_Grand Princess,
US_Guam,United States of America_Guam
US_Hawaii,United States of America_Hawaii
US_Idaho,United States of America_Idaho
US_Illinois,United States of America_Illinois
US_Indiana,United States of America_Indiana
US_Iowa,United States of America_Iowa
US_Kansas,United States of America_Kansas
US_Kentucky,United States of America_Kentucky
US_Louisiana,United States of America_Louisiana
US_Maine,United States of America_Maine
US_Maryland,United States of America_Maryland
US_Massachusetts,United States of America_Massachusetts
US_Michigan,United States of America_Michigan
US_Minnesota,United States of America_Minnesota
US_Mississippi,United States of America_Mississippi
US_Missouri,United States of America_Missouri
US_Montana,United States of America_Montana
US_Nebraska,United States of America_Nebraska
US_Nevada,United States of America_Nevada
US_New Hampshire,United States of America_New Hampshire
US_New Jersey,United States of America_New Jersey
US_New Mexico,United States of America_New Mexico
US_New York,United States of America_New York
US_North Carolina,United States of America_North Carolina
US_North Dakota,United States of America_North Dakota
US_Northern Mariana Islands,United States of America_Northern Mariana Islands
US_Ohio,United States of America_Ohio
US_Oklahoma,United States of America_Oklahoma
US_Oregon,United States of America_Oregon
US_Pennsylvania,United States of America_Pennsylvania
US_Puerto Rico,United States of America_Puerto Rico
US_Recovered,
US_Rhode Island,United States of America_Rhode Island
US_South Carolina,United States of America_South Carolina
US_South Dakota,United States of America_South Dakota
US_Tennessee,United States of America_Tennessee
US_Texas,United States of America_Texas
US_Utah,United States of America_Utah
US_Vermont,United States of America_Vermont
US_Virgin Islands,United States of America_Virgin Islands
US_Virginia,United States of America_Virginia
US_Washington,United States of America_Washington
US_West Virginia,United States of America_West Virginia
US_Wisconsin,United States of America_Wisconsin
US_Wyoming,United States of America_Wyoming
Uganda_,Uganda_
Ukraine_Cherkasy Oblast,Ukraine_Cherkasy
Ukraine_Chernihiv Oblast,Ukraine_Chernihiv
Ukraine_Chernivtsi Oblast,Ukraine_Chernivtsi
Ukraine_Crimea Republic*,
Ukraine_Dnipropetrovsk Oblast,Ukraine_Dnipropetrovsk
Ukraine_Donetsk Oblast,Ukraine_Donetsk
Ukraine_Ivano-Frankivsk Oblast,Ukraine_Ivano-Frankivsk
Ukraine_Kharkiv Oblast,Ukraine_Kharkiv
Ukraine_Kherson Oblast,Ukraine_Kherson
Ukraine_Khmelnytskyi Oblast,Ukraine_Khmelnytskyi
Ukraine_Kiev,Ukraine_Kiev
Ukraine_Kiev Oblast,Ukraine_Kiev Oblast
Ukraine_Kirovohrad Oblast,Ukraine_Kirovohrad
Ukraine_Luhansk Oblast,Ukraine_Luhansk
Ukraine_Lviv Oblast,Ukraine_Lviv
Ukraine_Mykolaiv Oblast,Ukraine_Mykolaiv
Ukraine_Odessa Oblast,Ukraine_Odessa
Ukraine_Poltava Oblast,Ukraine_Poltava
Ukraine_Rivne Oblast,Ukraine_Rivne
Ukraine_Sevastopol*,
Ukraine_Sumy Oblast,Ukraine_Sumy
Ukraine_Ternopil Oblast,Ukraine_Ternopil
Ukraine_Vinnytsia Oblast,Ukraine_Vinnytsia
Ukraine_Volyn Oblast,Ukraine_Volyn
Ukraine_Zakarpattia Oblast,Ukraine_Zakarpattia
Ukraine_Zaporizhia Oblast,Ukraine_Zaporizhzhya
Ukraine_Zhytomyr Oblast,Ukraine_Zhytomyr
United Arab Emirates_,United Arab Emirates_
United Kingdom_Anguilla,
United Kingdom_Bermuda,
United Kingdom_British Virgin Islands,
United Kingdom_Cayman Islands,
United Kingdom_Channel Islands,
United Kingdom_England,United Kingdom_England
United Kingdom_Falkland Islands (Malvinas),
United Kingdom_Gibraltar,
United Kingdom_Isle of Man,
United Kingdom_Montserrat,
United Kingdom_Northern Ireland,
United Kingdom_Scotland,United Kingdom_Scotland
United Kingdom_Turks and Caicos Islands,
United Kingdom_Unknown,
United Kingdom_Wales,United Kingdom_Wales
Uruguay_,Uruguay_
Uzbekistan_,Uzbekistan_
Vanuatu_,Vanuatu_
Venezuela_,Venezuela_
Vietnam_,Vietnam_
West Bank and Gaza_,
Western Sahara_,
Yemen_,Yemen_
Zambia_,Zambia_
Zimbabwe_,Zimbabwe_
Afghanistan_,Afghanistan_Balkh
Afghanistan_,Afghanistan_Bamyan
Afghanistan_,Afghanistan_Badghis
Afghanistan_,Afghanistan_Badakhshan
Afghanistan_,Afghanistan_Baghlan
Afghanistan_,Afghanistan_Daykundi
Afghanistan_,Afghanistan_Farah
Afghanistan_,Afghanistan_Faryab
Afghanistan_,Afghanistan_Ghazni
Afghanistan_,Afghanistan_Ghor
Afghanistan_,Afghanistan_Helmand
Afghanistan_,Afghanistan_Herat
Afghanistan_,Afghanistan_Jowzjan
Afghanistan_,Afghanistan_Kabul
Afghanistan_,Afghanistan_Kandahar
Afghanistan_,Afghanistan_Kapisa
Afghanistan_,Afghanistan_Kunduz
Afghanistan_,Afghanistan_Khost
Afghanistan_,Afghanistan_Kunar
Afghanistan_,Afghanistan_Laghman
Afghanistan_,Afghanistan_Logar
Afghanistan_,Afghanistan_Nangarhar
Afghanistan_,Afghanistan_Nimruz
Afghanistan_,Afghanistan_Nuristan
Afghanistan_,Afghanistan_Panjshir
Afghanistan_,Afghanistan_Parwan
Afghanistan_,Afghanistan_Paktia
Afghanistan_,Afghanistan_Paktika
Afghanistan_,Afghanistan_Samangan
Afghanistan_,Afghanistan_Sar-e Pol
Afghanistan_,Afghanistan_Takhar
Afghanistan_,Afghanistan_Urozgan
Afghanistan_,Afghanistan_Maidan Wardak
Afghanistan_,Afghanistan_Zabul
Argentina_,Argentina_Salta
Argentina_,Argentina_Buenos Aires Province
Argentina_,Argentina_City of Buenos Aires
Argentina_,Argentina_San Luis
Argentina_,Argentina_Entre Ríos
Argentina_,Argentina_La Rioja
Argentina_,Argentina_Santiago del Estero
Argentina_,Argentina_Chaco
Argentina_,Argentina_San Juan
Argentina_,Argentina_Catamarca
Argentina_,Argentina_La Pampa
Argentina_,Argentina_Mendoza
Argentina_,Argentina_Misiones
Argentina_,Argentina_Formosa
Argentina_,Argentina_Neuquén
Argentina_,Argentina_Río Negro
Argentina_,Argentina_Santa Fe
Argentina_,Argentina_Tucumán
Argentina_,Argentina_Chubut
Argentina_,Argentina_Tierra del Fuego
Argentina_,Argentina_Corrientes
Argentina_,Argentina_Córdoba
Argentina_,Argentina_Jujuy
Argentina_,Argentina_Santa Cruz
American Samoa_,
Anguilla_,
Antarctica_,
Aruba_,
Austria_,Austria_Burgenland
Austria_,Austria_Carinthia
Austria_,Austria_Lower Austria
Austria_,Austria_Upper Austria
Austria_,Austria_Salzburg
Austria_,Austria_Styria
Austria_,Austria_Tyrol
Austria_,Austria_Vorarlberg
Austria_,Austria_Vienna
Bangladesh_,Bangladesh_Barisal
Bangladesh_,Bangladesh_Chittagong
Bangladesh_,Bangladesh_Dhaka
Bangladesh_,Bangladesh_Khulna
Bangladesh_,Bangladesh_Rajshahi
Bangladesh_,Bangladesh_Rangpur
Bangladesh_,Bangladesh_Sylhet
Bangladesh_,Bangladesh_Mymensingh
Bolivia_,Bolivia_
Bolivia_Beni,Bolivia_Beni
Bolivia_Cochabamba,Bolivia_Cochabamba
Bolivia_Chuquisaca,Bolivia_Chuquisaca
Bolivia_La Paz,Bolivia_La Paz
Bolivia_Pando,Bolivia_Pando
Bolivia_Oruro,Bolivia_Oruro
Bolivia_PotosÃ­,Bolivia_Potosí
Bolivia_Santa Cruz,Bolivia_Santa Cruz
Bolivia_Tarija,Bolivia_Tarija
Congo_,Democratic Republic of the Congo_Kongo Central
Congo_,Democratic Republic of the Congo_Bandundu Province
Congo (Brazzaville)_,Democratic Republic of the Congo_Bas-Uele
Congo_,Democratic Republic of the Congo_Équateur
Congo_,Democratic Republic of the Congo_Haut-Katanga Province
Congo_,Democratic Republic of the Congo_Haut-Lomami District
Congo_,Democratic Republic of the Congo_Haut-Uele
Congo_,Democratic Republic of the Congo_Ituri Interim Administration
Congo_,Democratic Republic of the Congo_Katanga Province
Congo_,Democratic Republic of the Congo_Kasaï-Central
Congo_,Democratic Republic of the Congo_Kasai-Oriental
Congo_,Democratic Republic of the Congo_Kwango Province
Congo_,Democratic Republic of the Congo_Kwilu
Congo (Kinshasa)_,Democratic Republic of the Congo_Kinshasa
Congo_,Democratic Republic of the Congo_Kasaï-Central
Congo,Democratic Republic of the Congo_Kasaï-Occidental
Congo,Democratic Republic of the Congo_Lomami Province
Congo,Democratic Republic of the Congo_Lualaba Province
Congo,Democratic Republic of the Congo_Maniema
Congo,Democratic Republic of the Congo_Mai-Ndombe Province
Congo,Democratic Republic of the Congo_Mongala District
Congo,Democratic Republic of the Congo_North Kivu
Congo,Democratic Republic of the Congo_Nord-Ubangi District
Congo,Democratic Republic of the Congo_Orientale Province
Congo,Democratic Republic of the Congo_Sankuru District
Congo,Democratic Republic of the Congo_South Kivu
Congo,Democratic Republic of the Congo_Sud-Ubangi
Congo,Democratic Republic of the Congo_Tanganyika Province
Congo,Democratic Republic of the Congo_Tshopo
Congo,Democratic Republic of the Congo_Tshuapa District
Costa Rica_,Costa Rica_Alajuela Province
Costa Rica,Costa Rica_Provincia de Cartago
Costa Rica,Costa Rica_Guanacaste Province
Costa Rica,Costa Rica_Heredia Province
Costa Rica,Costa Rica_Limón Province
Costa Rica,Costa Rica_Puntarenas Province
Costa Rica,Costa Rica_San José Province
Cuba_,Cuba_Pinar del Río Province
Cuba_,Cuba_Havana Province
Cuba_,Cuba_Matanzas Province
Cuba_,Cuba_Villa Clara Province
Cuba_,Cuba_Cienfuegos Province
Cuba_,Cuba_Sancti Spíritus Province
Cuba_,Cuba_Ciego de Ávila Province
Cuba_,Cuba_Camagüey Province
Cuba_,Cuba_Las Tunas Province
Cuba_,Cuba_Holguín Province
Cuba_,Cuba_Granma Province
Cuba_,Cuba_Santiago de Cuba Province
Cuba_,Cuba_Guantánamo Province
Cuba_,Cuba_Artemisa Province
Cuba_,Cuba_Mayabeque Province
Cuba_,Cuba_Isla de la Juventud
Czechia_,Czech Republic_
Czechia_,Czech Republic_Prague
Czechia_,Czech Republic_Central Bohemian Region
Czechia_,Czech Republic_South Bohemian Region
Czechia_,Czech Republic_Plzeň Region
Czechia_,Czech Republic_Karlovy Vary Region
Czechia_,Czech Republic_Ústí nad Labem Region
Czechia_,Czech Republic_Liberec Region
Czechia_,Czech Republic_Hradec Králové Region
Czechia_,Czech Republic_Pardubice Region
Czechia_,Czech Republic_Vysocina Region
Czechia_,Czech Republic_South Moravian Region
Czechia_,Czech Republic_Olomouc Region
Czechia_,Czech Republic_Zlin Region
Czechia_,Czech Republic_Moravian-Silesian Region
Dominican Republic_,Dominican Republic_Distrito Nacional
Dominican Republic_,Dominican Republic_Azua Province
Dominican Republic_,Dominican Republic_Baoruco Province
Dominican Republic_,Dominican Republic_Barahona Province
Dominican Republic_,Dominican Republic_Dajabón Province
Dominican Republic_,Dominican Republic_Duarte Province
Dominican Republic_,Dominican Republic_Elías Piña Province
Dominican Republic_,Dominican Republic_El Seibo Province
Dominican Republic_,Dominican Republic_Espaillat Province
Dominican Republic_,Dominican Republic_Independencia
Dominican Republic_,Dominican Republic_La Altagracia Province
Dominican Republic_,Dominican Republic_La Romana Province
Dominican Republic_,Dominican Republic_La Vega Province
Dominican Republic_,Dominican Republic_María Trinidad Sánchez Province
Dominican Republic_,Dominican Republic_Monte Cristi Province
Dominican Republic_,Dominican Republic_Pedernales Province
Dominican Republic_,Dominican Republic_Peravia Province
Dominican Republic_,Dominican Republic_Puerto Plata Province
Dominican Republic_,Dominican Republic_Hermanas Mirabal Province
Dominican Republic_,Dominican Republic_Samaná Province
Dominican Republic_,Dominican Republic_San Cristóbal Province
Dominican Republic_,Dominican Republic_San Juan Province
Dominican Republic_,Dominican Republic_San Pedro de Macorís
Dominican Republic_,Dominican Republic_Sánchez Ramírez Province
Dominican Republic_,Dominican Republic_Santiago Province
Dominican Republic_,Dominican Republic_Santiago Rodríguez Province
Dominican Republic_,Dominican Republic_Valverde Province
Dominican Republic_,Dominican Republic_Monseñor Nouel Province
Dominican Republic_,Dominican Republic_Monte Plata Province
Dominican Republic_,Dominican Republic_Hato Mayor Province
Dominican Republic_,Dominican Republic_San José de Ocoa Province
Dominican Republic_,Dominican Republic_Santo Domingo Province
Ecuador_,Ecuador_Azuay Province
Ecuador_,Ecuador_Bolívar Province
Ecuador_,Ecuador_Carchi Province
Ecuador_,Ecuador_Orellana Province
Ecuador_,Ecuador_Esmeraldas
Ecuador_,Ecuador_Cañar Province
Ecuador_,Ecuador_Guayas Province
Ecuador_,Ecuador_Chimborazo Province
Ecuador_,Ecuador_Imbabura Province
Ecuador_,Ecuador_Loja Province
Ecuador_,Ecuador_Manabí Provin
Ecuador_,Ecuador_Napo Province
Ecuador_,Ecuador_El Oro Province
Ecuador_,Ecuador_Pichincha Province
Ecuador_,Ecuador_Los Ríos Province
Ecuador_,Ecuador_Morona-Santiago Province
Ecuador_,Ecuador_Santo Domingo de los Tsáchilas Province
Ecuador_,Ecuador_Santa Elena Province
Ecuador_,Ecuador_Tungurahua Province
Ecuador_,Ecuador_Sucumbíos Province
Ecuador_,Ecuador_Galápagos Province
Ecuador_,Ecuador_Cotopaxi Province
Ecuador_,Ecuador_Pastaza Province
Ecuador_,Ecuador_Zamora-Chinchipe Province
El Salvador_,El Salvador_Ahuachapán Department
El Salvador_,El Salvador_Cabañas Department
El Salvador_,El Salvador_Chalatenango Department
El Salvador_,El Salvador_Cuscatlán Department
El Salvador_,El Salvador_La Libertad Department
El Salvador_,El Salvador_Morazán Department
El Salvador_,El Salvador_La Paz Department
El Salvador_,El Salvador_Santa Ana Department
El Salvador_,El Salvador_San Miguel Department
El Salvador_,El Salvador_Sonsonate Department
El Salvador_,El Salvador_San Salvador Department
El Salvador_,El Salvador_San Vicente Department
El Salvador_,El Salvador_La Unión Department
El Salvador_,El Salvador_Usulután Department
France_,France_Auvergne-Rhône-Alpes
France_,France_Bourgogne-Franche-Comté
France_,France_Brittany
France_,France_Corsica
France_,France_Centre-Val de Loire
France_,France_Grand Est
France_,France_Hauts-de-France
France_,France_Île-de-France
France_,France_Nouvelle-Aquitaine
France_,France_Normandy
France_,France_Occitanie
France_,France_Provence-Alpes-Côte d'Azur
France_,France_Pays de la Loire
French Southern Territories_,French Southern Territories_
Guatemala_,Guatemala_Alta Verapaz Department
Guatemala_,Guatemala_Baja Verapaz Department
Guatemala_,Guatemala_Chimaltenango Department
Guatemala_,Guatemala_Chiquimula Department
Guatemala_,Guatemala_Escuintla Department
Guatemala_,Guatemala_Guatemala Department
Guatemala_,Guatemala_Huehuetenango Department
Guatemala_,Guatemala_Izabal Department
Guatemala_,Guatemala_Jalapa Department
Guatemala_,Guatemala_Jutiapa Department
Guatemala_,Guatemala_Petén Department
Guatemala_,Guatemala_El Progreso Department
Guatemala_,Guatemala_Quiché Department
Guatemala_,Guatemala_Quetzaltenango Department
Guatemala_,Guatemala_Retalhuleu Department
Guatemala_,Guatemala_Sacatepéquez Department
Guatemala_,Guatemala_San Marcos Department
Guatemala_,Guatemala_Sololá Department
Guatemala_,Guatemala_Santa Rosa Department
Guatemala_,Guatemala_Suchitepéquez Department
Guatemala_,Guatemala_Totonicapán Department
Guatemala_,Guatemala_Zacapa Department
Haiti_,Haiti_Artibonite
Haiti_,Haiti_Centre
Haiti_,Haiti_Grand'Anse
Haiti_,Haiti_Nord
Haiti_,Haiti_Nord-Est
Haiti_,Haiti_Nippes
Haiti_,Haiti_Nord-Ouest
Haiti_,Haiti_Ouest
Haiti_,Haiti_Sud
Haiti_,Haiti_Sud-Est
Honduras_,Honduras_Atlántida Department
Honduras_,Honduras_Choluteca Department
Honduras_,Honduras_Colón Department
Honduras_,Honduras_Comayagua Department
Honduras_,Honduras_Copán Department
Honduras_,Honduras_Cortés Department
Honduras_,Honduras_El Paraíso Department
Honduras_,Honduras_Francisco Morazán Department
Honduras_,Honduras_Gracias a Dios Department
Honduras_,Honduras_Bay Islands Department
Honduras_,Honduras_Intibucá Department
Honduras_,Honduras_Lempira Department
Honduras_,Honduras_La Paz Department
Honduras_,Honduras_Ocotepeque Department
Honduras_,Honduras_Olancho Department
Honduras_,Honduras_Santa Bárbara Department
Honduras_,Honduras_Valle Department
Honduras_,Honduras_Yoro Department
Indonesia_,Indonesia_Aceh
Indonesia_,Indonesia_Bali
Indonesia_,Indonesia_Bangka Belitung Islands
Indonesia_,Indonesia_Bengkulu
Indonesia_,Indonesia_Banten
Indonesia_,Indonesia_Gorontalo
Indonesia_,Indonesia_Jambi
Indonesia_,Indonesia_West Java
Indonesia_,Indonesia_East Java
Indonesia_,Indonesia_Jakarta
Indonesia_,Indonesia_Central Java
Indonesia_,Indonesia_West Kalimantan
Indonesia_,Indonesia_East Kalimantan
Indonesia_,Indonesia_Riau Islands
Indonesia_,Indonesia_South Kalimantan
Indonesia_,Indonesia_Central Kalimantan
Indonesia_,Indonesia_North Kalimantan
Indonesia_,Indonesia_Lampung
Indonesia_,Indonesia_Maluku
Indonesia_,Indonesia_North Maluku
Indonesia_,Indonesia_West Nusa Tenggara
Indonesia_,Indonesia_East Nusa Tenggara
Indonesia_,Indonesia_Papua
Indonesia_,Indonesia_West Papua
Indonesia_,Indonesia_Riau
Indonesia_,Indonesia_North Sulawesi
Indonesia_,Indonesia_West Sumatra
Indonesia_,Indonesia_Southeast Sulawesi
Indonesia_,Indonesia_South Sulawesi
Indonesia_,Indonesia_West Sulawesi
Indonesia_,Indonesia_South Sumatra
Indonesia_,Indonesia_Central Sulawesi
Indonesia_,Indonesia_North Sumatra
Indonesia_,Indonesia_Yogyakarta
Iraq_,Iraq_
Iraq_,Iraq_Al Anbar
Iraq_,Iraq_Erbil
Iraq_,Iraq_Basra
Iraq_,Iraq_Babylon
Iraq_,Iraq_Baghdad
Iraq_,Iraq_Dohuk
Iraq_,Iraq_Diyala
Iraq_,Iraq_Dhi Qar
Iraq_,Iraq_Halabja
Iraq_,Iraq_Karbala
Iraq_,Iraq_Kirkuk
Iraq_,Iraq_Maysan
Iraq_,Iraq_Al Muthanna
Iraq_,Iraq_Najaf
Iraq_,Iraq_Nineveh
Iraq_,Iraq_Al-Qādisiyyah
Iraq_,Iraq_Saladin
Iraq_,Iraq_Sulaymaniyah
Iraq_,Iraq_Wasit
Kenya_,Kenya_Baringo
Kenya_,Kenya_Bomet
Kenya_,Kenya_Bungoma
Kenya_,Kenya_Busia
Kenya_,Kenya_Elgeyo-Marakwet
Kenya_,Kenya_Embu
Kenya_,Kenya_Garissa
Kenya_,Kenya_Homa Bay
Kenya_,Kenya_Isiolo
Kenya_,Kenya_Kajiado
Kenya_,Kenya_Kakamega
Kenya_,Kenya_Kericho
Kenya_,Kenya_Kiambu
Kenya_,Kenya_Kilifi
Kenya_,Kenya_Kirinyaga
Kenya_,Kenya_Kisii
Kenya_,Kenya_Kisumu
Kenya_,Kenya_Kitui
Kenya_,Kenya_Kwale
Kenya_,Kenya_Laikipia
Kenya_,Kenya_Lamu
Kenya_,Kenya_Machakos
Kenya_,Kenya_Makueni
Kenya_,Kenya_Mandera
Kenya_,Kenya_Marsabit
Kenya_,Kenya_Meru
Kenya_,Kenya_Migori
Kenya_,Kenya_Mombasa
Kenya_,Kenya_Murang'a
Kenya_,Kenya_Nairobi City
Kenya_,Kenya_Nakuru
Kenya_,Kenya_Nandi
Kenya_,Kenya_Narok
Kenya_,Kenya_Nyamira
Kenya_,Kenya_Nyandarua
Kenya_,Kenya_Nyeri
Kenya_,Kenya_Samburu
Kenya_,Kenya_Siaya
Kenya_,Kenya_Taita-Taveta
Kenya_,Kenya_Tana River
Kenya_,Kenya_Tharaka-Nithi
Kenya_,Kenya_Trans Nzoia
Kenya_,Kenya_Turkana
Kenya_,Kenya_Uasin Gishu
Kenya_,Kenya_Vihiga
Kenya_,Kenya_Wajir
Kenya_,Kenya_West Pokot
Libya_,Libya_Benghazi
Libya_,Libya_Butnan
Libya_,Libya_Bani Walid
Libya_,Libya_Derna
Libya_,Libya_Ghadames
Libya_,Libya_Gharyan
Libya_,Libya_Ghat
Libya_,Libya_Jabal al Akhdar
Libya_,Libya_Jabal al Gharbi
Libya_,Libya_Al-Jafra
Libya_,Libya_Al Jufrah
Libya_,Libya_Kufra
Libya_,Libya_Khoms
Libya_,Libya_Murqub
Libya_,Libya_Kikla
Libya_,Libya_Marj
Libya_,Libya_Murzuq
Libya_,Libya_Misurata
Libya_,Libya_Nalut
Libya_,Libya_Nuqat al Khams
Libya_,Libya_Sabha
Libya_,Libya_Sirte
Libya_,Libya_Sabratha
Libya_,Libya_Tripoli
Libya_,Libya_Al Wahat
Libya_,Libya_Wadi al Hayaa
Libya_,Libya_Wadi al Shati
Libya_,Libya_Yafran
Libya_,Libya_Zawia
Libya_,Libya_Zintan
Libya_,Libya_Al Bayda' Governorate
South Korea_,South Korea_Seoul
South Korea_,South Korea_Busan
South Korea_,South Korea_Daegu
South Korea_,South Korea_Incheon
South Korea_,South Korea_Gwangju
South Korea_,South Korea_Daejeon
South Korea_,South Korea_Ulsan
South Korea_,South Korea_Gyeonggi
South Korea_,South Korea_Gangwon
South Korea_,South Korea_Chungbuk
South Korea_,South Korea_Chungnam
South Korea_,South Korea_Jeonbuk
South Korea_,South Korea_Jeonnam
South Korea_,South Korea_Gyeongbuk
South Korea_,South Korea_Gyeongnam
South Korea_,South Korea_Jeju
South Korea_,South Korea_Sejong
Malaysia_,Malaysia_Johor
Malaysia_,Malaysia_Kedah
Malaysia_,Malaysia_Kelantan
Malaysia_,Malaysia_Malacca
Malaysia_,Malaysia_Negeri Sembilan
Malaysia_,Malaysia_Pahang
Malaysia_,Malaysia_Penang
Malaysia_,Malaysia_Perak
Malaysia_,Malaysia_Perlis
Malaysia_,Malaysia_Selangor
Malaysia_,Malaysia_Terengganu
Malaysia_,Malaysia_Sabah
Malaysia_,Malaysia_Sarawak
Malaysia_,Malaysia_Kuala Lumpur
Malaysia_,Malaysia_Labuan
Malaysia_,Malaysia_Putrajaya
Mozambique_,Mozambique_Niassa Province
Mozambique_,Mozambique_Manica Province
Mozambique_,Mozambique_Gaza Province
Mozambique_,Mozambique_Inhambane Province
Mozambique_,Mozambique_Maputo Province
Mozambique_,Mozambique_Maputo
Mozambique_,Mozambique_Nampula Province
Mozambique_,Mozambique_Cabo Delgado Province
Mozambique_,Mozambique_Zambezia Province
Mozambique_,Mozambique_Sofala
Mozambique_,Mozambique_Tete Province
Nauru_,Nauru_
Nicaragua_,Nicaragua_North Caribbean Coast Autonomous Region
Nicaragua_,Nicaragua_South Caribbean Coast Autonomous Region
Nicaragua_,Nicaragua_Boaco Department
Nicaragua_,Nicaragua_Carazo Department
Nicaragua_,Nicaragua_Chinandega Department
Nicaragua_,Nicaragua_Chontales Department
Nicaragua_,Nicaragua_Estelí Department
Nicaragua_,Nicaragua_Granada Department
Nicaragua_,Nicaragua_Jinotega Department
Nicaragua_,Nicaragua_León Department
Nicaragua_,Nicaragua_Madriz Department
Nicaragua_,Nicaragua_Managua Department
Nicaragua_,Nicaragua_Masaya Department
Nicaragua_,Nicaragua_Matagalpa Department
Nicaragua_,Nicaragua_Nueva Segovia Department
Nicaragua_,Nicaragua_Rivas Department
Nicaragua_,Nicaragua_Río San Juan Department
Niue_,Niue_
Norfolk Island_,Norfolk Island_
North Korea_,North Korea_
Northern Mariana Islands_,Northern Mariana Islands_
Norway_,Norway_Oslo
Norway_,Norway_Rogaland
Norway_,Norway_Møre og Romsdal
Norway_,Norway_Nordland
Norway_,Norway_Svalbard
Norway_,Norway_Jan Mayen
Norway_,Norway_Viken
Norway_,Norway_Innlandet
Norway_,Norway_Vestfold og Telemark
Norway_,Norway_Agder
Norway_,Norway_Vestland
Norway_,Norway_Trøndelag
Norway_,Norway_Troms og Finnmark
Panama_,Panama_Bocas del Toro Province
Panama_,Panama_Panamá Oeste Province
Panama_,Panama_Coclé Province
Panama_,Panama_Colón Province
Panama_,Panama_Chiriquí Province
Panama_,Panama_Darién Province
Panama_,Panama_Herrera Province
Panama_,Panama_Los Santos Province
Panama_,Panama_Panamá Province
Panama_,Panama_Veraguas Province
Panama_,Panama_Emberá-Wounaan Comarca
Panama_,Panama_Guna Yala
Paraguay_,Paraguay_Concepción Department
Paraguay_,Paraguay_Alto Paraná Department
Paraguay_,Paraguay_Central Department
Paraguay_,Paraguay_Ñeembucú Department
Paraguay_,Paraguay_Amambay Department
Paraguay_,Paraguay_Canindeyú
Paraguay_,Paraguay_Presidente Hayes Department
Paraguay_,Paraguay_Alto Paraguay Department
Paraguay_,Paraguay_Boquerón Department
Paraguay_,Paraguay_San Pedro Department
Paraguay_,Paraguay_Cordillera Department
Paraguay_,Paraguay_Guairá Department
Paraguay_,Paraguay_Caaguazú
Paraguay_,Paraguay_Caazapá
Paraguay_,Paraguay_Itapúa
Paraguay_,Paraguay_Misiones Department
Paraguay_,Paraguay_Paraguarí Department
Paraguay_,Paraguay_Capital District
Peru_,Peru_Metropolitan Municipality of Lima
Philippines_,Philippines_National Capital Region
Philippines_,Philippines_Ilocos Region
Philippines_,Philippines_Cagayan Valley
Philippines_,Philippines_Central Luzon
Philippines_,Philippines_Bicol Region
Philippines_,Philippines_Western Visayas
Philippines_,Philippines_Central Visayas
Philippines_,Philippines_Eastern Visayas
Philippines_,Philippines_Zamboanga Peninsula
Philippines_,Philippines_Northern Mindanao
Philippines_,Philippines_Davao Region
Philippines_,Philippines_Soccsksargen
Philippines_,Philippines_Caraga
Philippines_,Philippines_Autonomous Region in Muslim Mindanao
Philippines_,Philippines_Cordillera Administrative Region
Philippines_,Philippines_Calabarzon
Philippines_,Philippines_Mimaropa
Pitcairn Islands_,Pitcairn Islands_
Poland_,Poland_Lower Silesia
Poland_,Poland_Kuiavia-Pomerania
Poland_,Poland_Lublin
Poland_,Poland_Lubusz
Poland_,Poland_Łódź
Poland_,Poland_Lesser Poland
Poland_,Poland_Mazovia
Poland_,Poland_Opole
Poland_,Poland_Subcarpathia
Poland_,Poland_Podlaskie
Poland_,Poland_Pomerania
Poland_,Poland_Silesia
Poland_,Poland_Swietokrzyskie
Poland_,Poland_Warmia-Masuria
Poland_,Poland_Greater Poland
Poland_,Poland_West Pomeranian
Portugal_,Portugal_Norte
Portugal_,Portugal_Algarve
Portugal_,Portugal_Centro
Portugal_,Portugal_Lisbon Metropolitan Area
Portugal_,Portugal_Alentejo
Portugal_,Portugal_Azores
Portugal_,Portugal_Madeira
Puerto Rico_,Puerto Rico_
Romania_,Romania_Alba
Romania_,Romania_Arad
Romania_,Romania_Argeș
Romania_,Romania_Bacău
Romania_,Romania_Bihor
Romania_,Romania_Bistrița-Năsăud
Romania_,Romania_Botoșani
Romania_,Romania_Brăila
Romania_,Romania_Brașov
Romania_,Romania_București
Romania_,Romania_Buzău
Romania_,Romania_Călărași
Romania_,Romania_Caraș-Severin
Romania_,Romania_Cluj
Romania_,Romania_Constanța
Romania_,Romania_Covasna
Romania_,Romania_Dâmbovița
Romania_,Romania_Dolj
Romania_,Romania_Galați
Romania_,Romania_Giurgiu
Romania_,Romania_Gorj
Romania_,Romania_Harghita
Romania_,Romania_Hunedoara
Romania_,Romania_Ialomița
Romania_,Romania_Iași
Romania_,Romania_Ilfov
Romania_,Romania_Maramureș
Romania_,Romania_Mehedinți
Romania_,Romania_Mureș
Romania_,Romania_Neamț
Romania_,Romania_Olt
Romania_,Romania_Prahova
Romania_,Romania_Sălaj
Romania_,Romania_Satu Mare
Romania_,Romania_Sibiu
Romania_,Romania_Suceava
Romania_,Romania_Teleorman
Romania_,Romania_Timiș
Romania_,Romania_Tulcea
Romania_,Romania_Vâlcea
Romania_,Romania_Vaslui
Romania_,Romania_Vrancea
Saint Helena_,Saint Helena_
Samoa_,Samoa_
South Africa_,South Africa_Eastern Cape
South Africa_,South Africa_Free State
South Africa_,South Africa_Gauteng
South Africa_,South Africa_KwaZulu-Natal
South Africa_,South Africa_Limpopo
South Africa_,South Africa_Mpumalanga
South Africa_,South Africa_Northern Cape
South Africa_,South Africa_North West
South Africa_,South Africa_Western Cape
South Africa_,South Georgia and the South Sandwich Islands_
Sudan_,Sudan_Central Darfur
Sudan_,Sudan_East Darfur
Sudan_,Sudan_North Darfur
Sudan_,Sudan_South Darfur
Sudan_,Sudan_West Darfur
Sudan_,Sudan_Al Qadarif
Sudan_,Sudan_West Kordofan
Sudan_,Sudan_Al Jazirah
Sudan_,Sudan_Kassala
Sudan_,Sudan_Khartoum
Sudan_,Sudan_North Kordofan
Sudan_,Sudan_South Kordofan
Sudan_,Sudan_Blue Nile
Sudan_,Sudan_Northern
Sudan_,Sudan_River Nile
Sudan_,Sudan_White Nile
Sudan_,Sudan_Red Sea
Sudan_,Sudan_Sennar
Svalbard and Jan Mayen_,Svalbard and Jan Mayen_
Swaziland_,Swaziland_
Switzerland_,Switzerland_Aargau
Switzerland_,Switzerland_Appenzell Ausserrhoden
Switzerland_,Switzerland_Appenzell Innerrhoden
Switzerland_,Switzerland_Basel-Landschaft
Switzerland_,Switzerland_Basel-Stadt
Switzerland_,Switzerland_Bern
Switzerland_,Switzerland_Fribourg
Switzerland_,Switzerland_Geneva
Switzerland_,Switzerland_Glarus
Switzerland_,Switzerland_Grisons
Switzerland_,Switzerland_Jura
Switzerland_,Switzerland_Lucerne
Switzerland_,Switzerland_Neuchâtel
Switzerland_,Switzerland_Nidwalden
Switzerland_,Switzerland_Obwalden
Switzerland_,Switzerland_Schaffhausen
Switzerland_,Switzerland_Schwyz
Switzerland_,Switzerland_Solothurn
Switzerland_,Switzerland_St. Gallen
Switzerland_,Switzerland_Thurgau
Switzerland_,Switzerland_Ticino
Switzerland_,Switzerland_Uri
Switzerland_,Switzerland_Valais
Switzerland_,Switzerland_Vaud
Switzerland_,Switzerland_Zug
Switzerland_,Switzerland_Zürich
Tokelau_,Tokelau_
Tonga_,Tonga_
Turkmenistan_,Turkmenistan_
Turks and Caicos Islands_,Turks and Caicos Islands_
Tuvalu_,Tuvalu_
United States_,United States Virgin Islands_
United Kingdom_,United Kingdom_England
United Kingdom_,United Kingdom_Northern Ireland
United Kingdom_,United Kingdom_Scotland
United Kingdom_,United Kingdom_North East England
United Kingdom_,United Kingdom_North West England
United Kingdom_,"United Kingdom_Yorkshire and the Humber, England"
United Kingdom_,"United Kingdom_East Midlands, England"
United Kingdom_,"United Kingdom_West Midlands, England"
United Kingdom_,United Kingdom_East of England
United Kingdom_,United Kingdom_London Region
United Kingdom_,United Kingdom_South East England
United Kingdom_,United Kingdom_South West England
United Kingdom_,United Kingdom_Wales
Uruguay_,Uruguay_Artigas Department
Uruguay_,Uruguay_Canelones Department
Uruguay_,Uruguay_Cerro Largo Department
Uruguay_,Uruguay_Colonia Department
Uruguay_,Uruguay_Durazno Department
Uruguay_,Uruguay_Flores Department
Uruguay_,Uruguay_Florida Department
Uruguay_,Uruguay_Lavalleja Department
Uruguay_,Uruguay_Maldonado Department
Uruguay_,Uruguay_Montevideo Department
Uruguay_,Uruguay_Paysandú Department
Uruguay_,Uruguay_Río Negro Department
Uruguay_,Uruguay_Rivera Department
Uruguay_,Uruguay_Rocha Department
Uruguay_,Uruguay_Salto Department
Uruguay_,Uruguay_San José Department
Uruguay_,Uruguay_Soriano Department
Uruguay_,Uruguay_Tacuarembó Department
Uruguay_,Uruguay_Treinta y Tres Department
Venezuela_,Venezuela_Amazonas
Venezuela_,Venezuela_Anzoátegui
Venezuela_,Venezuela_Apure
Venezuela_,Venezuela_Aragua
Venezuela_,Venezuela_Barinas
Venezuela_,Venezuela_Bolívar
Venezuela_,Venezuela_Capital District
Venezuela_,Venezuela_Carabobo
Venezuela_,Venezuela_Cojedes
Venezuela_,Venezuela_Delta Amacuro
Venezuela_,Venezuela_Falcón
Venezuela_,Venezuela_Guárico
Venezuela_,Venezuela_Lara
Venezuela_,Venezuela_Mérida
Venezuela_,Venezuela_Miranda
Venezuela_,Venezuela_Monagas
Venezuela_,Venezuela_Nueva Esparta
Venezuela_,Venezuela_Portuguesa
Venezuela_,Venezuela_Sucre
Venezuela_,Venezuela_Táchira
Venezuela_,Venezuela_Trujillo
Venezuela_,Venezuela_Vargas
Venezuela_,Venezuela_Yaracuy
Venezuela_,Venezuela_Zulia
Wallis and Futuna_,Wallis and Futuna_
Western Sahara_,Western Sahara_
